[
    {"name": "Aguadas"},
    {"name": "Anserma"},
    {"name": "Aranzazu"},
    {"name": "Belalcázar"},
    {"name": "Chinchiná"},
    {"name": "Filadelfia"},
    {"name": "La Dorada"},
    {"name": "La Merced"},
    {"name": "Manizales"},
    {"name": "Manzanares"},
    {"name": "Marmato"},
    {"name": "Marquetalia"},
    {"name": "Marulanda"},
    {"name": "Neira"},
    {"name": "Norcasia"},
    {"name": "Pácora"},
    {"name": "Palestina"},
    {"name": "Pensilvania"},
    {"name": "Riosucio"},
    {"name": "Risaralda"},
    {"name": "Salamina"},
    {"name": "Samaná"},
    {"name": "San José"},
    {"name": "Supía"},
    {"name": "Victoria"},
    {"name": "Villamaría"},
    {"name": "Viterbo"}
]