[
    {"name" : "GNC-Artículos de investigación A1, A2, B y C"},
    {"name" : "GNC-Artículos de investigación D"},
    {"name" : "GNC-Notas científicas"},
    {"name" : "GNC-Libros resultado de investigación"},
    {"name" : "GNC-Capítulos en libro resultado de investigación"},
    {"name" : "GNC-Productos tecnológicos patentados o en proceso de concesión de la patente"},
    {"name" : "GNC-Variedades vegetales, nuevas razas animales y poblaciones mejoradas de razas pecuarias"},
    {"name" : "GNC-Obras o productos de investigación-Creación en artes, arquitectura y diseño"},
    {"name" : "DT-Productos tecnológicos certificados o validados"},
    {"name" : "DT-Productos empresariales"},
    {"name" : "DT-Regulaciones, normas, reglamentos o legislaciones"},
    {"name" : "DT- Conceptos técnicos e informes técnicos"},
    {"name" : "DT-Registros de acuerdos de licencias para la explotación de obras protegidas por derecho de autor"},
    {"name" : "ASC-Participación ciudadana en CTeI y creación"},
    {"name" : "ASC-Estrategias pedagçogicas para el fomento de la CTeI"},
    {"name" : "ASC-Comunicación social del conocimiento"},
    {"name" : "ASC-Circulación de conocimiento especializado-Talleres de creación"},
    {"name" : "ASC-Circulación de conocimiento especializado-Eventos culturales y artísticos"},
    {"name" : "ASC-Circulación de conocimiento especializado-Working paper"},
    {"name" : "ASC-Circulación de conocimiento especializado-Nueva secuencia genética"},
    {"name" : "ASC-Circulación de conocimiento especializado-Boletines divulgativos de resultados de investigación"},
    {"name" : "ASC-Circulación de conocimiento especializado-Ediciones de revista científica"},
    {"name" : "ASC-Circulación de conocimiento especializado-Libro resultado de investigación"},
    {"name" : "ASC-Circulación de conocimiento especializado-Informe final de trabajo"},
    {"name" : "ASC-Circulación de conocimiento especializado-Consultorías"},
    {"name" : "FRH-Apoyo a creación de programas o cursos de formación de investigación"}
]